<?xml version="1.0" encoding="UTF-8"?>
<PE_PROJECT_SETTINGS_DOCUMENTATION>
  <PE_product_version v="version 10.0 for Freescale Microcontrollers" />
  <PE_core_version v="Processor Expert Version 0503" />
  <CPU_Bean name="Cpu" type="MKL25Z128LK4">
    <Enabled v="Y" />
    <Properties>
      <Component_name v="Cpu" />
      <CPU_type v="MKL25Z128VLK4" />
      <list name="Shared Internal properties" v="1">
        <EmptySection_DummyValue />
      </list>
      <list name="Shared Clock settings" v="1">
        <group name="Clock settings">
          <group name="Internal oscillator">
            <Slow_internal_reference_clock__kHz_ v="32.768000000000" />
            <boolgroup name="Initialize slow trim value" v="no" />
            <Fast_internal_reference_clock__MHz_ v="4" />
            <boolgroup name="Initialize fast trim value" v="no" />
          </group>
          <boolgroup name="RTC clock input" v="Disabled" />
          <boolgroup name="System oscillator 0" v="Enabled">
            <enumgroup name="Clock source" v="External crystal">
              <group name="Clock input pin">
                <Pin_name v="EXTAL0/PTA18/UART1_RX/TPM_CLKIN0" />
                <Pin_signal v="" />
              </group>
              <group name="Clock output pin">
                <Pin_name v="XTAL0/PTA19/UART1_TX/TPM_CLKIN1/LPTMR0_ALT1" />
                <Pin_signal v="" />
              </group>
              <Clock_frequency__MHz_ v="8" />
              <Capacitor_load v="0pF" />
              <Oscillator_operating_mode v="Low power" />
            </enumgroup>
          </boolgroup>
          <list name="Clock source settings" v="1">
            <group name="Clock source setting 0">
              <group name="Internal reference clock">
                <MCGIRCLK_clock v="Enabled" />
                <MCGIRCLK_in_stop v="Enabled" />
                <enumgroup name="MCGIRCLK source" v="Slow">
                  <EmptySection_DummyValue />
                </enumgroup>
                <MCGIRCLK_clock__MHz_ v="0.032768000000" />
              </group>
              <group name="External reference clock">
                <OSC0ERCLK_clock v="Enabled" />
                <OSC0ERCLK_in_stop v="Disabled" />
                <OSC0ERCLK_clock__MHz_ v="8" />
                <ERCLK32K_clock_source v="Auto select" />
                <ERCLK32K__clock__MHz_ v="0.001000000000" />
              </group>
              <group name="MCG settings">
                <enumgroup name="MCG mode" v="PEE">
                  <EmptySection_DummyValue />
                </enumgroup>
                <MCG_output_clock v="PLL clock" />
                <MCG_output__MHz_ v="96" />
                <MCG_external_ref__clock__MHz_ v="8" />
                <Clock_monitor v="Disabled" />
                <group name="FLL settings">
                  <FLL_module v="Disabled" />
                  <FLL_output__MHz_ v="0" />
                  <MCGFFCLK_clock__kHz_ v="15.625000000000" />
                  <enumgroup name="Reference clock source" v="External clock">
                    <Reference_clock_divider v="Auto select" />
                  </enumgroup>
                  <FLL_reference_clock__kHz_ v="31.250000000000" />
                  <Multiplication_factor v="Auto select" />
                </group>
                <group name="PLL 0 settings">
                  <PLL_module v="Enabled" />
                  <PLL_module_in_Stop v="Disabled" />
                  <PLL_output__MHz_ v="96" />
                  <Reference_clock_divider v="Auto select" />
                  <PLL_reference_clock__MHz_ v="4" />
                  <Multiplication_factor v="Auto select" />
                  <Loss_of_lock_interrupt v="Disabled" />
                </group>
              </group>
            </group>
          </list>
        </group>
      </list>
      <Initialization_priority v="interrupts enabled" />
      <Watchdog_disable v="yes" />
      <group name="Internal peripherals">
        <list name="Shared NMI settings" v="1">
          <boolgroup name="NMI pin" v="Enabled">
            <NMI_Pin v="TSI0_CH5/PTA4/I2C1_SDA/TPM0_CH1/NMI_b" />
            <NMI_Pin_signal v="" />
          </boolgroup>
        </list>
        <list name="Shared Reset settings" v="1">
          <boolgroup name="Reset control" v="Enabled">
            <Reset_pin v="PTA20/RESET_b" />
            <Reset_pin_signal v="" />
            <Filter_in_STOP v="Disabled" />
            <Filter_in_RUN_WAIT v="Disabled" />
            <Filter_width v="1" />
          </boolgroup>
        </list>
        <list name="Shared Flash memory organization" v="1">
          <group name="Flash memory organization">
            <list name="Shared FLASH settings" v="1">
              <EmptySection_DummyValue />
            </list>
            <list name="Flash blocks" v="1">
              <group name="Flash block 0">
                <Address v="0" />
                <Size v="131072" />
                <Write_unit_size v="4" />
                <Erase_unit_size v="1024" />
                <Protection_unit_size v="4096" />
              </group>
            </list>
          </group>
        </list>
        <list name="Shared Flash Config settings" v="1">
          <boolgroup name="Flash configuration field" v="Enabled">
            <group name="Security settings">
              <Flash_security v="Disabled" />
              <Freescale_failure_analysis_access v="Enabled" />
              <Mass_erase v="Enabled" />
              <Backdoor_key_security v="Disabled" />
              <Backdoor_key_0 v="255" />
              <Backdoor_key_1 v="255" />
              <Backdoor_key_2 v="255" />
              <Backdoor_key_3 v="255" />
              <Backdoor_key_4 v="255" />
              <Backdoor_key_5 v="255" />
              <Backdoor_key_6 v="255" />
              <Backdoor_key_7 v="255" />
            </group>
            <group name="Protection regions">
              <group name="P-Flash protection settings">
                <Protection_region_size v="4096" />
                <P_Flash_protection v="4294967295" />
                <group name="Protection regions">
                  <Protection_region_0 v="Unprotected" />
                  <Protection_region_1 v="Unprotected" />
                  <Protection_region_2 v="Unprotected" />
                  <Protection_region_3 v="Unprotected" />
                  <Protection_region_4 v="Unprotected" />
                  <Protection_region_5 v="Unprotected" />
                  <Protection_region_6 v="Unprotected" />
                  <Protection_region_7 v="Unprotected" />
                  <Protection_region_8 v="Unprotected" />
                  <Protection_region_9 v="Unprotected" />
                  <Protection_region_10 v="Unprotected" />
                  <Protection_region_11 v="Unprotected" />
                  <Protection_region_12 v="Unprotected" />
                  <Protection_region_13 v="Unprotected" />
                  <Protection_region_14 v="Unprotected" />
                  <Protection_region_15 v="Unprotected" />
                  <Protection_region_16 v="Unprotected" />
                  <Protection_region_17 v="Unprotected" />
                  <Protection_region_18 v="Unprotected" />
                  <Protection_region_19 v="Unprotected" />
                  <Protection_region_20 v="Unprotected" />
                  <Protection_region_21 v="Unprotected" />
                  <Protection_region_22 v="Unprotected" />
                  <Protection_region_23 v="Unprotected" />
                  <Protection_region_24 v="Unprotected" />
                  <Protection_region_25 v="Unprotected" />
                  <Protection_region_26 v="Unprotected" />
                  <Protection_region_27 v="Unprotected" />
                  <Protection_region_28 v="Unprotected" />
                  <Protection_region_29 v="Unprotected" />
                  <Protection_region_30 v="Unprotected" />
                  <Protection_region_31 v="Unprotected" />
                </group>
              </group>
            </group>
            <group name="Peripheral settings">
              <Reset_pin_function v="Enabled" />
              <MNI_function v="Enabled" />
              <FLASH_initialization_speed v="Fast" />
              <Clock_dividers_settings v="Fast clock boot" />
            </group>
          </boolgroup>
        </list>
        <list name="Shared Peripheral Bridge MCM settings" v="1">
          <boolgroup name="MCM settings" v="Disabled" />
        </list>
        <list name="Shared Power Management Controller settings" v="1">
          <group name="Power management controller">
            <LVD_reset v="Enabled" />
            <LVD_voltage_treshold v="Low" />
            <LVW_voltage_treshold v="Low" />
            <Bandgap_buffer v="Disabled" />
            <Bandgap_buffer_in_VLPx v="Disabled" />
            <group name="LVD interrupt">
              <Interrupt v="INT_LVD_LVW" />
              <Interrupt_request v="Disabled" />
              <Interrupt_priority v="0 (Highest)" />
              <LVD_interrupt v="Disabled" />
              <LVW_interrupt v="Disabled" />
            </group>
          </group>
        </list>
        <list name="Shared ClockGate settings" v="1">
          <group name="System Integration Module">
            <boolgroup name="CLKOUT pin control" v="Disabled" />
            <boolgroup name="Clock gating control" v="Disabled" />
          </group>
        </list>
      </group>
      <list name="Shared CPU interrupts/resets" v="1">
        <group name="CPU interrupts/resets">
          <boolgroup name="NMI interrrupt" v="Enabled">
            <Interrupt v="INT_NMI" />
          </boolgroup>
          <boolgroup name="Hard Fault" v="Disabled" />
          <boolgroup name="Bus Fault" v="Disabled" />
          <boolgroup name="Usage Fault" v="Disabled" />
          <boolgroup name="Supervisor Call" v="Disabled" />
          <boolgroup name="Pendable Service" v="Disabled" />
          <boolgroup name="MCG Loss of lock" v="Disabled" />
        </group>
      </list>
      <group name="Low power mode settings">
        <list name="Shared Low Power Settings" v="1">
          <group name="Allowed low power modes">
            <Very_low_power_modes v="Not allowed" />
            <Low_leakage_stop_mode v="Not allowed" />
            <Very_low_leakage_stop_mode v="Not allowed" />
          </group>
        </list>
        <list name="Shared LLWU settings" v="1">
          <boolgroup name="LLWU settings" v="Disabled" />
        </list>
        <list name="Shared Low Power Settings" v="1">
          <group name="Operation mode settings">
            <group name="WAIT operation mode">
              <Return_to_wait_after_ISR v="no" />
            </group>
            <group name="SLEEP operation mode">
              <Low_Power_mode v="STOP" />
              <Return_to_stop_after_ISR v="no" />
            </group>
            <boolgroup name="STOP operation mode" v="Disabled" />
          </group>
        </list>
      </group>
      <list name="Clock configurations" v="1">
        <group name="Clock configuration 0">
          <boolgroup name="Very low power mode" v="Disabled" />
          <enumgroup name="Clock source setting" v="configuration 0">
            <MCG_mode v="PEE" />
            <MCG_output__MHz_ v="96" />
            <MCGIRCLK_clock__MHz_ v="0.032768" />
            <OSCERCLK_clock__MHz_ v="8" />
            <ERCLK32K__clock__MHz_ v="0.001" />
            <MCGFFCLK__kHz_ v="15.625" />
          </enumgroup>
          <group name="System clocks">
            <Core_clock_prescaler v="Auto select" />
            <Core_clock v="48" />
            <Bus_clock_prescaler v="Auto select" />
            <Bus_clock v="24" />
            <enumgroup name="PLL/FLL clock selection" v="Auto select">
              <Clock_frequency__MHz_ v="48" />
            </enumgroup>
            <enumgroup name="TPM clock selection" v="Auto select">
              <Clock_frequency__MHz_ v="48" />
            </enumgroup>
          </group>
        </group>
      </list>
    </Properties>
    <Methods>
      <list name="CPUCond" v="1">
        <SetClockConfiguration v="don&amp;apos;t generate code" />
        <GetClockConfiguration v="don&amp;apos;t generate code" />
        <SetOperationMode v="don&amp;apos;t generate code" />
        <EnableInt v="don&amp;apos;t generate code" />
        <DisableInt v="don&amp;apos;t generate code" />
        <GetLLSWakeUpFlags v="don&amp;apos;t generate code" />
        <MCGAutoTrim v="don&amp;apos;t generate code" />
        <VLPModeEnable v="don&amp;apos;t generate code" />
        <VLPModeDisable v="don&amp;apos;t generate code" />
      </list>
    </Methods>
    <Events>
      <Event_module_name v="Events" />
      <list name="EvntsShrdGrp" v="1">
        <event name="OnReset" v="don&amp;apos;t generate code" />
        <event name="OnNMIINT" v="generate code">
          <Event_procedure_name v="Cpu_OnNMIINT" />
        </event>
        <event name="OnHardFault" v="don&amp;apos;t generate code" />
        <event name="OnBusFault" v="don&amp;apos;t generate code" />
        <event name="OnUsageFault" v="don&amp;apos;t generate code" />
        <event name="OnSupervisorCall" v="don&amp;apos;t generate code" />
        <event name="OnPendableService" v="don&amp;apos;t generate code" />
        <event name="OnLossOfLockINT" v="don&amp;apos;t generate code" />
        <event name="OnLowVoltageINT" v="don&amp;apos;t generate code" />
        <event name="OnLLSWakeUpINT" v="don&amp;apos;t generate code" />
      </list>
    </Events>
    <Compiler v="GNU C Compiler" />
    <CompilerProperties>
      <Compiler v="GNU C Compiler" />
      <enumgroup name="Unhandled vectors" v="One handler for all">
        <Unhandled_int_code>
          <StrgList><![CDATA[/* This code can be changed using the CPU component property "Build Options / Unhandled int code" */
PE_DEBUGHALT();
]]></StrgList>
        </Unhandled_int_code>
      </enumgroup>
      <group name="User initialization">
        <User_data_declarations>
          <StrgList></StrgList>
        </User_data_declarations>
        <User_code_before_PE_initialization>
          <StrgList></StrgList>
        </User_code_before_PE_initialization>
        <User_code_after_PE_initialization>
          <StrgList></StrgList>
        </User_code_after_PE_initialization>
      </group>
      <boolgroup name="Generate debugger files" v="yes">
        <Generate_mem_file v="yes" />
      </boolgroup>
      <group name="Startup">
        <Add_startup_file v="no" />
      </group>
      <boolgroup name="Generate linker file" v="yes">
        <Stack_size v="1024" />
        <Heap_size v="0" />
        <Set_memory_segments_to_default v="Click to set default &amp;gt;" />
        <Default_memory_for_interrupts v="INTERNAL FLASH" />
        <Default_memory_for_code v="INTERNAL FLASH" />
        <Default_memory_for_data v="INTERNAL RAM" />
        <list name="ROM/RAM Areas" v="4">
          <group name="MemoryArea0">
            <boolgroup name="ROM/RAM Area" v="Enabled">
              <Name v="m_interrupts" />
              <Qualifier v="RX" />
              <Address v="0" />
              <Size v="192" />
            </boolgroup>
          </group>
          <group name="MemoryArea1">
            <boolgroup name="ROM/RAM Area" v="Disabled" />
          </group>
          <group name="MemoryArea2">
            <boolgroup name="ROM/RAM Area" v="Enabled">
              <Name v="m_text" />
              <Qualifier v="RX" />
              <Address v="1040" />
              <Size v="130032" />
            </boolgroup>
          </group>
          <group name="MemoryArea3">
            <boolgroup name="ROM/RAM Area" v="Enabled">
              <Name v="m_data" />
              <Qualifier v="RW" />
              <Address v="536866816" />
              <Size v="16384" />
            </boolgroup>
          </group>
        </list>
      </boolgroup>
    </CompilerProperties>
  </CPU_Bean>
  <Bean name="CurrentMeter" type="Init_ADC">
    <Enabled v="Y" />
    <Properties>
      <Component_name v="CurrentMeter" />
      <Device v="ADC0" />
      <group name="Settings">
        <Clock_gate v="Enabled" />
        <group name="Clock settings">
          <Input_clock_select v="Bus clock" />
          <Prescaler v="8" />
          <Frequency v="3000 kHz" />
          <High_speed_conversion v="Disabled" />
          <Asynchro_clock_output v="Disabled" />
          <Long_sample_time v="Enabled" />
          <Long_sample_time_length v="20 ADCK cycles" />
        </group>
        <Conversion_mode v="Single" />
        <Result_data_format v="16-bit right" />
        <Low_power_mode v="Disabled" />
        <Conversion_trigger v="SW" />
        <group name="HW average settings">
          <HW_average v="Enabled" />
          <HW_average_length v="32 samples" />
        </group>
        <Single_conversion_time___Single_ended v="481.21 us" />
        <Single_conversion_time___Differential v="577.21 us" />
        <Additional_conversion_time___Single_ended v="480.00 us" />
        <Additional_conversion_time___Differential v="576.00 us" />
        <group name="Compare settings">
          <Compare v="Disabled" />
          <Compare_value_1 v="0" />
          <Compare_value_2 v="0" />
          <Relation_of_the_CV1_to_CV2 v="Less than or equal" />
          <Compare_function v="Result &amp;lt; CV1" />
        </group>
        <Offset v="0" />
        <Voltage_reference v="Default pin pair" />
      </group>
      <group name="Pins/Signals">
        <boolgroup name="Channel 0" v="Enabled">
          <Channel_0_single_and_plus_input v="ADC0_DP0/ADC0_SE0/PTE20/TPM1_CH0/UART0_TX" />
          <Channel_0_single_and_plus_input_signal v="" />
          <Channel_0_minus_input v="ADC0_DM0/ADC0_SE4a/PTE21/TPM1_CH1/UART0_RX" />
          <Channel_0_minus_input_signal v="" />
        </boolgroup>
        <boolgroup name="Channel 1" v="Disabled" />
        <boolgroup name="Channel 2" v="Disabled" />
        <boolgroup name="Channel 3" v="Disabled" />
        <boolgroup name="Channel 4" v="Disabled" />
        <boolgroup name="Channel 5" v="Disabled" />
        <boolgroup name="Channel 6" v="Disabled" />
        <boolgroup name="Channel 7" v="Disabled" />
        <boolgroup name="Channel 8" v="Disabled" />
        <boolgroup name="Channel 9" v="Disabled" />
        <boolgroup name="Channel 10" v="Disabled" />
        <boolgroup name="Channel 11" v="Disabled" />
        <boolgroup name="Channel 12" v="Enabled">
          <Channel_12_single_input v="ADC0_SE12/TSI0_CH7/PTB2/I2C0_SCL/TPM2_CH0" />
          <Channel_12_single_input_signal v="" />
        </boolgroup>
        <boolgroup name="Channel 13" v="Disabled" />
        <boolgroup name="Channel 14" v="Disabled" />
        <boolgroup name="Channel 15" v="Disabled" />
        <boolgroup name="Channel 16" v="Disabled" />
        <boolgroup name="Channel 17" v="Disabled" />
        <boolgroup name="Channel 18" v="Disabled" />
        <boolgroup name="Channel 19" v="Disabled" />
        <boolgroup name="Channel 20" v="Disabled" />
        <boolgroup name="Channel 21" v="Disabled" />
        <boolgroup name="Channel 22" v="Disabled" />
        <boolgroup name="Channel 23" v="Disabled" />
        <boolgroup name="Channel 24" v="Disabled" />
        <boolgroup name="Channel 25" v="Disabled" />
        <boolgroup name="Channel 26" v="Disabled" />
        <boolgroup name="Channel 27" v="Disabled" />
        <boolgroup name="Channel 28" v="Disabled" />
        <boolgroup name="Channel 29" v="Disabled" />
        <boolgroup name="Channel 30" v="Disabled" />
        <boolgroup name="Trigger A" v="Disabled" />
        <boolgroup name="Trigger B" v="Disabled" />
      </group>
      <group name="Interrupts/DMA">
        <Interrupt v="INT_ADC0" />
        <Interrupt_request v="Disabled" />
        <Interrupt_priority v="0 (Highest)" />
        <ISR_name v="" />
        <Conversion_complete_A_interrupt v="Disabled" />
        <Conversion_complete_B_interrupt v="Disabled" />
        <DMA_request v="Disabled" />
      </group>
      <group name="Initialization">
        <group name="ADC part triggered  by trigger A">
          <Initial_channel_select_A v="ADC disabled" />
          <Differential_mode_A v="Disabled" />
        </group>
        <group name="ADC part triggered  by trigger B">
          <Initial_channel_select_B v="ADC disabled" />
          <Differential_mode_B v="Disabled" />
        </group>
        <Call_Init_method v="yes" />
      </group>
    </Properties>
    <Methods>
      <Init v="generate code" />
    </Methods>
    <Events>
      <EmptySection_DummyValue />
    </Events>
  </Bean>
  <Bean name="ADC_SAMPLER" type="DMATransfer_LDD">
    <Enabled v="Y" />
    <Properties>
      <Component_name v="ADC_SAMPLER" />
      <DMA_controller_device v="DMA1" />
      <group name="Channel">
        <enumgroup name="Channel select" v="Fixed">
          <Channel v="DMA_Channel0" />
          <Interrupts v="Disabled" />
          <Allocate_channel v="yes" />
        </enumgroup>
      </group>
      <group name="Trigger">
        <enumgroup name="Trigger source type" v="Peripheral device">
          <Trigger_source v="ADC0_DMA_Request" />
          <boolgroup name="Periodic trigger" v="Disabled" />
        </enumgroup>
      </group>
      <group name="Data source">
        <External_object_declaration v="#include &amp;quot;kinetis_hw.h&amp;quot;" />
        <Address v="(uint32_t) (ADC_CH0 + ADC_REG_RA_OFF)" />
        <Transfer_size v="16-bit" />
        <Address_offset v="0" />
        <Circular_buffer v="Buffer disabled" />
      </group>
      <group name="Data destination">
        <External_object_declaration v="#include &amp;quot;CurrentSamples.h&amp;quot;" />
        <Address v="(uint32_t) &amp;amp; adc_input" />
        <Transfer_size v="16-bit" />
        <Address_offset v="2" />
        <Circular_buffer v="Buffer disabled" />
      </group>
      <group name="Data size">
        <External_object_declaration v="" />
        <Value v="(adc_buffadd * ADC_SAMPLE_SIZE)" />
      </group>
      <enumgroup name="Transfer control" v="Cycle-steal">
        <Disable_after_transfer v="no" />
        <Asynchronous_requests v="Disabled" />
        <boolgroup name="Channel linking" v="Enabled">
          <Linked_channel v="DMA_Channel1" />
          <boolgroup name="Linking after request service" v="Disabled" />
        </boolgroup>
        <enumgroup name="After request complete" v="No action">
          <EmptySection_DummyValue />
        </enumgroup>
        <enumgroup name="After transfer complete" v="No action">
          <EmptySection_DummyValue />
        </enumgroup>
      </enumgroup>
      <group name="Initialization">
        <list name="Auto Initialization" v="1">
          <Auto_initialization v="no" />
        </list>
        <Half_complete v="Disabled" />
        <group name="Event mask">
          <OnComplete v="Disabled" />
          <OnError v="Disabled" />
        </group>
      </group>
    </Properties>
    <Methods>
      <Init v="generate code" />
      <Deinit v="don&amp;apos;t generate code" />
      <SetEventMask v="don&amp;apos;t generate code" />
      <GetEventMask v="don&amp;apos;t generate code" />
      <AllocateChannel v="generate code" />
      <FreeChannel v="don&amp;apos;t generate code" />
      <EnableChannel v="generate code" />
      <DisableChannel v="don&amp;apos;t generate code" />
      <StartTransfer v="don&amp;apos;t generate code" />
      <CancelTransfer v="don&amp;apos;t generate code" />
      <GetTransferredBytes v="don&amp;apos;t generate code" />
      <GetChannelStatus v="don&amp;apos;t generate code" />
      <GetLastError v="don&amp;apos;t generate code" />
      <SetSourceAddress v="don&amp;apos;t generate code" />
      <SetDestinationAddress v="don&amp;apos;t generate code" />
      <SetSourceTransferSize v="don&amp;apos;t generate code" />
      <SetDestinationTransferSize v="don&amp;apos;t generate code" />
      <SetByteCount v="don&amp;apos;t generate code" />
      <SetTransferCount v="don&amp;apos;t generate code" />
      <SetDescriptorUpdate v="don&amp;apos;t generate code" />
      <GetDescriptorUpdate v="don&amp;apos;t generate code" />
    </Methods>
    <Events>
      <Event_module_name v="Events" />
      <event name="OnComplete" v="don&amp;apos;t generate code" />
      <event name="OnError" v="don&amp;apos;t generate code" />
    </Events>
  </Bean>
  <Bean name="DMA1" type="DMA_LDD">
    <Enabled v="Y" />
    <Properties>
      <Component_name v="DMA1" />
      <Device v="DMA" />
      <boolgroup name="Channel arbitration type" v="Round robin" />
      <list name="DMA channels" v="4">
        <group name="Settings of DMA channel ">
          <Channel v="DMA_Channel0" />
          <boolgroup name="Channel arbitration type" v="Round robin" />
          <boolgroup name="Interrupt service" v="Disabled" />
        </group>
        <group name="Settings of DMA channel ">
          <Channel v="DMA_Channel1" />
          <boolgroup name="Channel arbitration type" v="Round robin" />
          <boolgroup name="Interrupt service" v="Disabled" />
        </group>
        <group name="Settings of DMA channel ">
          <Channel v="DMA_Channel2" />
          <boolgroup name="Channel arbitration type" v="Round robin" />
          <boolgroup name="Interrupt service" v="Enabled">
            <Transfer_complete_interrupt v="INT_DMA2" />
            <Transfer_complete_interrupt_priority v="medium priority" />
          </boolgroup>
        </group>
        <group name="Settings of DMA channel ">
          <Channel v="DMA_Channel3" />
          <boolgroup name="Channel arbitration type" v="Round robin" />
          <boolgroup name="Interrupt service" v="Disabled" />
        </group>
      </list>
      <group name="Initialization">
        <Enabled_in_init__code v="yes" />
        <list name="Auto Initialization" v="1">
          <Auto_initialization v="yes" />
        </list>
      </group>
      <list name="CPU clock/configuration selection (included)" v="1">
        <group name="CPU clock/configuration selection">
          <Clock_configuration_0 v="This component enabled" />
          <Clock_configuration_1 v="This component disabled" />
          <Clock_configuration_2 v="This component disabled" />
          <Clock_configuration_3 v="This component disabled" />
          <Clock_configuration_4 v="This component disabled" />
          <Clock_configuration_5 v="This component disabled" />
          <Clock_configuration_6 v="This component disabled" />
          <Clock_configuration_7 v="This component disabled" />
        </group>
      </list>
    </Properties>
    <Methods>
      <Init v="generate code" />
      <Deinit v="don&amp;apos;t generate code" />
      <Enable v="don&amp;apos;t generate code" />
      <Disable v="don&amp;apos;t generate code" />
      <SetEventMask v="don&amp;apos;t generate code" />
      <GetEventMask v="don&amp;apos;t generate code" />
      <AllocateChannel v="generate code" />
      <FreeChannel v="don&amp;apos;t generate code" />
      <EnableChannel v="generate code" />
      <DisableChannel v="don&amp;apos;t generate code" />
      <StartChannelTransfer v="don&amp;apos;t generate code" />
      <CancelChannelTransfer v="don&amp;apos;t generate code" />
      <GetChannelTransferredBytes v="don&amp;apos;t generate code" />
      <GetChannelStatus v="don&amp;apos;t generate code" />
      <GetChannelLastError v="don&amp;apos;t generate code" />
      <SetChannelSourceAddress v="don&amp;apos;t generate code" />
      <SetChannelDestinationAddress v="don&amp;apos;t generate code" />
      <SetChannelSourceTransferSize v="don&amp;apos;t generate code" />
      <SetChannelDestinationTransferSize v="don&amp;apos;t generate code" />
      <SetChannelByteCount v="don&amp;apos;t generate code" />
      <SetChannelTransferCount v="don&amp;apos;t generate code" />
      <GetChannelDescriptorUpdate v="don&amp;apos;t generate code" />
      <SetChannelDescriptorUpdate v="don&amp;apos;t generate code" />
      <SetOperationMode v="don&amp;apos;t generate code" />
      <GetDriverState v="don&amp;apos;t generate code" />
    </Methods>
    <Events>
      <EmptySection_DummyValue />
    </Events>
  </Bean>
  <Bean name="ADC_SAMPLER_RESTART" type="DMATransfer_LDD">
    <Enabled v="Y" />
    <Properties>
      <Component_name v="ADC_SAMPLER_RESTART" />
      <DMA_controller_device v="DMA1" />
      <group name="Channel">
        <enumgroup name="Channel select" v="Fixed">
          <Channel v="DMA_Channel2" />
          <Interrupts v="Enabled" />
          <Allocate_channel v="yes" />
        </enumgroup>
      </group>
      <group name="Trigger">
        <enumgroup name="Trigger source type" v="Explicit software">
          <EmptySection_DummyValue />
        </enumgroup>
      </group>
      <group name="Data source">
        <External_object_declaration v="#include &amp;quot;CurrentSamples.h&amp;quot;" />
        <Address v="(uint32_t) adcDMA_tcd" />
        <Transfer_size v="32-bit" />
        <Address_offset v="4" />
        <Circular_buffer v="Buffer disabled" />
      </group>
      <group name="Data destination">
        <External_object_declaration v="#include &amp;quot;kinetis_hw.h&amp;quot;" />
        <Address v="(uint32_t) DMACTL_CH0_TCD" />
        <Transfer_size v="32-bit" />
        <Address_offset v="4" />
        <Circular_buffer v="Buffer disabled" />
      </group>
      <group name="Data size">
        <External_object_declaration v="" />
        <Value v="adcDMA_tcd_size" />
      </group>
      <enumgroup name="Transfer control" v="Single transfer">
        <Disable_after_transfer v="no" />
        <Auto_align_mode v="Disabled" />
        <Asynchronous_requests v="Disabled" />
        <boolgroup name="Channel linking" v="Disabled" />
        <enumgroup name="After transfer complete" v="No action">
          <EmptySection_DummyValue />
        </enumgroup>
      </enumgroup>
      <group name="Initialization">
        <list name="Auto Initialization" v="1">
          <Auto_initialization v="no" />
        </list>
        <Half_complete v="Disabled" />
        <group name="Event mask">
          <OnComplete v="Enabled" />
          <OnError v="Enabled" />
        </group>
      </group>
    </Properties>
    <Methods>
      <Init v="generate code" />
      <Deinit v="don&amp;apos;t generate code" />
      <SetEventMask v="don&amp;apos;t generate code" />
      <GetEventMask v="don&amp;apos;t generate code" />
      <AllocateChannel v="generate code" />
      <FreeChannel v="don&amp;apos;t generate code" />
      <EnableChannel v="generate code" />
      <DisableChannel v="don&amp;apos;t generate code" />
      <StartTransfer v="don&amp;apos;t generate code" />
      <CancelTransfer v="don&amp;apos;t generate code" />
      <GetTransferredBytes v="don&amp;apos;t generate code" />
      <GetChannelStatus v="don&amp;apos;t generate code" />
      <GetLastError v="don&amp;apos;t generate code" />
      <SetSourceAddress v="don&amp;apos;t generate code" />
      <SetDestinationAddress v="don&amp;apos;t generate code" />
      <SetSourceTransferSize v="don&amp;apos;t generate code" />
      <SetDestinationTransferSize v="don&amp;apos;t generate code" />
      <SetByteCount v="don&amp;apos;t generate code" />
      <SetTransferCount v="don&amp;apos;t generate code" />
      <SetDescriptorUpdate v="don&amp;apos;t generate code" />
      <GetDescriptorUpdate v="don&amp;apos;t generate code" />
    </Methods>
    <Events>
      <Event_module_name v="Events" />
      <event name="OnComplete" v="generate code">
        <Event_procedure_name v="ADC_SAMPLER_RESTART_OnComplete" />
      </event>
      <event name="OnError" v="generate code">
        <Event_procedure_name v="ADC_SAMPLER_RESTART_OnError" />
      </event>
    </Events>
  </Bean>
  <Bean name="HEX_OUTPUT" type="DMATransfer_LDD">
    <Enabled v="Y" />
    <Properties>
      <Component_name v="HEX_OUTPUT" />
      <DMA_controller_device v="DMA1" />
      <group name="Channel">
        <enumgroup name="Channel select" v="Fixed">
          <Channel v="DMA_Channel3" />
          <Interrupts v="Disabled" />
          <Allocate_channel v="yes" />
        </enumgroup>
      </group>
      <group name="Trigger">
        <enumgroup name="Trigger source type" v="Peripheral device">
          <Trigger_source v="UART0_Transmit_DMA_Request" />
          <boolgroup name="Periodic trigger" v="Disabled" />
        </enumgroup>
      </group>
      <group name="Data source">
        <External_object_declaration v="#include &amp;quot;CurrentSamples.h&amp;quot;" />
        <Address v="(uint32_t) tty_initstr" />
        <Transfer_size v="8-bit" />
        <Address_offset v="1" />
        <Circular_buffer v="Buffer disabled" />
      </group>
      <group name="Data destination">
        <External_object_declaration v="#include &amp;quot;kinetis_hw.h&amp;quot;" />
        <Address v="(uint32_t) (UART0_CH0 + UART0_REG_D_OFF)" />
        <Transfer_size v="8-bit" />
        <Address_offset v="0" />
        <Circular_buffer v="Buffer disabled" />
      </group>
      <group name="Data size">
        <External_object_declaration v="" />
        <Value v="tty_initstr_size" />
      </group>
      <enumgroup name="Transfer control" v="Cycle-steal">
        <Disable_after_transfer v="yes" />
        <Asynchronous_requests v="Disabled" />
        <boolgroup name="Channel linking" v="Disabled" />
        <enumgroup name="After request complete" v="No action">
          <EmptySection_DummyValue />
        </enumgroup>
        <enumgroup name="After transfer complete" v="No action">
          <EmptySection_DummyValue />
        </enumgroup>
      </enumgroup>
      <group name="Initialization">
        <list name="Auto Initialization" v="1">
          <Auto_initialization v="no" />
        </list>
        <Half_complete v="Disabled" />
        <group name="Event mask">
          <OnComplete v="Disabled" />
          <OnError v="Disabled" />
        </group>
      </group>
    </Properties>
    <Methods>
      <Init v="generate code" />
      <Deinit v="don&amp;apos;t generate code" />
      <SetEventMask v="don&amp;apos;t generate code" />
      <GetEventMask v="don&amp;apos;t generate code" />
      <AllocateChannel v="generate code" />
      <FreeChannel v="don&amp;apos;t generate code" />
      <EnableChannel v="generate code" />
      <DisableChannel v="don&amp;apos;t generate code" />
      <StartTransfer v="don&amp;apos;t generate code" />
      <CancelTransfer v="don&amp;apos;t generate code" />
      <GetTransferredBytes v="don&amp;apos;t generate code" />
      <GetChannelStatus v="don&amp;apos;t generate code" />
      <GetLastError v="don&amp;apos;t generate code" />
      <SetSourceAddress v="don&amp;apos;t generate code" />
      <SetDestinationAddress v="don&amp;apos;t generate code" />
      <SetSourceTransferSize v="don&amp;apos;t generate code" />
      <SetDestinationTransferSize v="don&amp;apos;t generate code" />
      <SetByteCount v="don&amp;apos;t generate code" />
      <SetTransferCount v="don&amp;apos;t generate code" />
      <SetDescriptorUpdate v="don&amp;apos;t generate code" />
      <GetDescriptorUpdate v="don&amp;apos;t generate code" />
    </Methods>
    <Events>
      <Event_module_name v="Events" />
      <event name="OnComplete" v="don&amp;apos;t generate code" />
      <event name="OnError" v="don&amp;apos;t generate code" />
    </Events>
  </Bean>
  <Bean name="MICROSECOND_COUNTER" type="TimerUnit_LDD">
    <Enabled v="Y" />
    <Properties>
      <Component_name v="MICROSECOND_COUNTER" />
      <Module_name v="LPTMR0" />
      <Counter v="LPTMR0_CNR" />
      <Counter_direction v="Up" />
      <Counter_width v="16 bits" />
      <Value_type v="Optimal" />
      <enumgroup name="Input clock source" v="Internal">
        <Counter_frequency v="1 MHz" />
      </enumgroup>
      <enumgroup name="Counter restart" v="On-overrun">
        <Overrun_period v="Auto select" />
        <boolgroup name="Interrupt" v="Disabled" />
      </enumgroup>
      <list name="Channel list" v="0">
        <EmptySection_DummyValue />
      </list>
      <group name="Initialization">
        <Enabled_in_init__code v="yes" />
        <list name="Auto Initialization" v="1">
          <Auto_initialization v="yes" />
        </list>
        <group name="Event mask">
          <OnCounterRestart v="Disabled" />
          <OnChannel0 v="Disabled" />
          <OnChannel1 v="Disabled" />
          <OnChannel2 v="Disabled" />
          <OnChannel3 v="Disabled" />
          <OnChannel4 v="Disabled" />
          <OnChannel5 v="Disabled" />
          <OnChannel6 v="Disabled" />
          <OnChannel7 v="Disabled" />
        </group>
      </group>
      <list name="CPU clock/configuration selection (included)" v="1">
        <group name="CPU clock/configuration selection">
          <Clock_configuration_0 v="This component enabled" />
          <Clock_configuration_1 v="This component disabled" />
          <Clock_configuration_2 v="This component disabled" />
          <Clock_configuration_3 v="This component disabled" />
          <Clock_configuration_4 v="This component disabled" />
          <Clock_configuration_5 v="This component disabled" />
          <Clock_configuration_6 v="This component disabled" />
          <Clock_configuration_7 v="This component disabled" />
        </group>
      </list>
    </Properties>
    <Methods>
      <Init v="generate code" />
      <Deinit v="don&amp;apos;t generate code" />
      <Enable v="don&amp;apos;t generate code" />
      <Disable v="don&amp;apos;t generate code" />
      <SetEventMask v="don&amp;apos;t generate code" />
      <GetEventMask v="don&amp;apos;t generate code" />
      <GetEventStatus v="don&amp;apos;t generate code" />
      <SelectInputFrequency v="don&amp;apos;t generate code" />
      <GetInputFrequencyReal v="don&amp;apos;t generate code" />
      <GetInputFrequency v="don&amp;apos;t generate code" />
      <SetPeriodTicks v="don&amp;apos;t generate code" />
      <GetPeriodTicks v="don&amp;apos;t generate code" />
      <ResetCounter v="don&amp;apos;t generate code" />
      <GetCounterValue v="generate code" />
      <SetOffsetTicks v="don&amp;apos;t generate code" />
      <GetOffsetTicks v="don&amp;apos;t generate code" />
      <GetCaptureValue v="don&amp;apos;t generate code" />
      <SelectOutputAction v="don&amp;apos;t generate code" />
      <SelectCaptureEdge v="don&amp;apos;t generate code" />
      <ConnectPin v="don&amp;apos;t generate code" />
      <SetOperationMode v="don&amp;apos;t generate code" />
      <GetDriverState v="don&amp;apos;t generate code" />
    </Methods>
    <Events>
      <Event_module_name v="Events" />
      <event name="OnCounterRestart" v="don&amp;apos;t generate code" />
      <event name="OnChannel0" v="don&amp;apos;t generate code" />
      <event name="OnChannel1" v="don&amp;apos;t generate code" />
      <event name="OnChannel2" v="don&amp;apos;t generate code" />
      <event name="OnChannel3" v="don&amp;apos;t generate code" />
      <event name="OnChannel4" v="don&amp;apos;t generate code" />
      <event name="OnChannel5" v="don&amp;apos;t generate code" />
      <event name="OnChannel6" v="don&amp;apos;t generate code" />
      <event name="OnChannel7" v="don&amp;apos;t generate code" />
    </Events>
  </Bean>
  <Bean name="SerialLink" type="Serial_LDD">
    <Enabled v="Y" />
    <Template v="FRDM_KL25Z_UART" />
    <Properties>
      <Component_name v="SerialLink" />
      <Device v="UART0" />
      <boolgroup name="Interrupt service/event" v="Disabled" />
      <group name="Settings">
        <Data_width v="8 bits" />
        <Parity v="None" />
        <Stop_bits v="1" />
        <Loop_mode v="Normal" />
        <Baud_rate v="115200 baud" />
        <Wakeup_condition v="Idle line wakeup" />
        <Stop_in_wait_mode v="no" />
        <Idle_line_mode v="Starts after start bit" />
        <Transmitter_output v="Not inverted" />
        <Receiver_input v="Not inverted" />
        <Break_generation_length v="10/11 bits" />
        <boolgroup name="Receiver" v="Enabled">
          <RxD v="TSI0_CH2/PTA1/UART0_RX/TPM2_CH0" />
          <RxD_pin_signal v="" />
        </boolgroup>
        <boolgroup name="Transmitter" v="Enabled">
          <TxD v="TSI0_CH3/PTA2/UART0_TX/TPM2_CH1" />
          <TxD_pin_signal v="" />
        </boolgroup>
        <enumgroup name="Flow control" v="None">
          <EmptySection_DummyValue />
        </enumgroup>
      </group>
      <group name="Initialization">
        <Enabled_in_init__code v="no" />
        <list name="Auto Initialization" v="1">
          <Auto_initialization v="yes" />
        </list>
        <group name="Event mask">
          <OnBlockSent v="Enabled" />
          <OnBlockReceived v="Disabled" />
          <OnTxComplete v="Enabled" />
          <OnError v="Disabled" />
          <OnBreak v="Disabled" />
        </group>
      </group>
      <list name="CPU clock/configuration selection (included)" v="1">
        <group name="CPU clock/configuration selection">
          <Clock_configuration_0 v="This component enabled" />
          <Clock_configuration_1 v="This component disabled" />
          <Clock_configuration_2 v="This component disabled" />
          <Clock_configuration_3 v="This component disabled" />
          <Clock_configuration_4 v="This component disabled" />
          <Clock_configuration_5 v="This component disabled" />
          <Clock_configuration_6 v="This component disabled" />
          <Clock_configuration_7 v="This component disabled" />
        </group>
      </list>
    </Properties>
    <Methods>
      <Init v="generate code" />
      <Deinit v="don&amp;apos;t generate code" />
      <Enable v="generate code" />
      <Disable v="don&amp;apos;t generate code" />
      <SendBlock v="don&amp;apos;t generate code" />
      <ReceiveBlock v="generate code" />
      <CancelBlockTransmission v="don&amp;apos;t generate code" />
      <CancelBlockReception v="don&amp;apos;t generate code" />
      <GetError v="don&amp;apos;t generate code" />
      <GetSentDataNum v="don&amp;apos;t generate code" />
      <GetReceivedDataNum v="generate code" />
      <GetTxCompleteStatus v="don&amp;apos;t generate code" />
      <SetEventMask v="don&amp;apos;t generate code" />
      <GetEventMask v="don&amp;apos;t generate code" />
      <SelectBaudRate v="don&amp;apos;t generate code" />
      <GetSelectedBaudRate v="don&amp;apos;t generate code" />
      <SetParity v="don&amp;apos;t generate code" />
      <GetParity v="don&amp;apos;t generate code" />
      <SetDataWidth v="don&amp;apos;t generate code" />
      <GetDataWidth v="don&amp;apos;t generate code" />
      <SetStopBitLength v="don&amp;apos;t generate code" />
      <GetStopBitLength v="don&amp;apos;t generate code" />
      <SetLoopMode v="don&amp;apos;t generate code" />
      <GetLoopMode v="don&amp;apos;t generate code" />
      <GetStats v="don&amp;apos;t generate code" />
      <ClearStats v="don&amp;apos;t generate code" />
      <SendBreak v="don&amp;apos;t generate code" />
      <GetBreak v="don&amp;apos;t generate code" />
      <TurnTxOn v="don&amp;apos;t generate code" />
      <TurnTxOff v="don&amp;apos;t generate code" />
      <TurnRxOn v="don&amp;apos;t generate code" />
      <TurnRxOff v="don&amp;apos;t generate code" />
      <ConnectPin v="don&amp;apos;t generate code" />
      <Main v="generate code" />
      <SetOperationMode v="don&amp;apos;t generate code" />
      <GetDriverState v="don&amp;apos;t generate code" />
    </Methods>
    <Events>
      <Event_module_name v="Events" />
      <event name="OnBlockReceived" v="don&amp;apos;t generate code" />
      <event name="OnBlockSent" v="generate code">
        <Event_procedure_name v="SerialLink_OnBlockSent" />
      </event>
      <event name="OnBreak" v="don&amp;apos;t generate code" />
      <event name="OnError" v="don&amp;apos;t generate code" />
      <event name="OnTxComplete" v="generate code">
        <Event_procedure_name v="SerialLink_OnTxComplete" />
      </event>
    </Events>
  </Bean>
  <Bean name="ADC_SAMPLER_CLEAR" type="DMATransfer_LDD">
    <Enabled v="Y" />
    <Properties>
      <Component_name v="ADC_SAMPLER_CLEAR" />
      <DMA_controller_device v="DMA1" />
      <group name="Channel">
        <enumgroup name="Channel select" v="Fixed">
          <Channel v="DMA_Channel1" />
          <Interrupts v="Disabled" />
          <Allocate_channel v="yes" />
        </enumgroup>
      </group>
      <group name="Trigger">
        <enumgroup name="Trigger source type" v="Explicit software">
          <EmptySection_DummyValue />
        </enumgroup>
      </group>
      <group name="Data source">
        <External_object_declaration v="#include &amp;quot;CurrentSamples.h&amp;quot;" />
        <Address v="(uint32_t) &amp;amp; done_bit" />
        <Transfer_size v="32-bit" />
        <Address_offset v="0" />
        <Circular_buffer v="Buffer disabled" />
      </group>
      <group name="Data destination">
        <External_object_declaration v="#include &amp;quot;kinetis_hw.h&amp;quot;" />
        <Address v="(uint32_t) (DMACTL_CH0_TCD + DMACTL_REG_STATBC_OFF)" />
        <Transfer_size v="32-bit" />
        <Address_offset v="0" />
        <Circular_buffer v="Buffer disabled" />
      </group>
      <group name="Data size">
        <External_object_declaration v="" />
        <Value v="(uint32_t) done_bit_size" />
      </group>
      <enumgroup name="Transfer control" v="Single transfer">
        <Disable_after_transfer v="no" />
        <Auto_align_mode v="Disabled" />
        <Asynchronous_requests v="Disabled" />
        <boolgroup name="Channel linking" v="Enabled">
          <Linked_channel v="DMA_Channel2" />
        </boolgroup>
        <enumgroup name="After transfer complete" v="No action">
          <EmptySection_DummyValue />
        </enumgroup>
      </enumgroup>
      <group name="Initialization">
        <list name="Auto Initialization" v="1">
          <Auto_initialization v="no" />
        </list>
        <Half_complete v="Disabled" />
        <group name="Event mask">
          <OnComplete v="Disabled" />
          <OnError v="Disabled" />
        </group>
      </group>
    </Properties>
    <Methods>
      <Init v="generate code" />
      <Deinit v="don&amp;apos;t generate code" />
      <SetEventMask v="don&amp;apos;t generate code" />
      <GetEventMask v="don&amp;apos;t generate code" />
      <AllocateChannel v="generate code" />
      <FreeChannel v="don&amp;apos;t generate code" />
      <EnableChannel v="generate code" />
      <DisableChannel v="don&amp;apos;t generate code" />
      <StartTransfer v="don&amp;apos;t generate code" />
      <CancelTransfer v="don&amp;apos;t generate code" />
      <GetTransferredBytes v="don&amp;apos;t generate code" />
      <GetChannelStatus v="don&amp;apos;t generate code" />
      <GetLastError v="don&amp;apos;t generate code" />
      <SetSourceAddress v="don&amp;apos;t generate code" />
      <SetDestinationAddress v="don&amp;apos;t generate code" />
      <SetSourceTransferSize v="don&amp;apos;t generate code" />
      <SetDestinationTransferSize v="don&amp;apos;t generate code" />
      <SetByteCount v="don&amp;apos;t generate code" />
      <SetTransferCount v="don&amp;apos;t generate code" />
      <SetDescriptorUpdate v="don&amp;apos;t generate code" />
      <GetDescriptorUpdate v="don&amp;apos;t generate code" />
    </Methods>
    <Events>
      <Event_module_name v="Events" />
      <event name="OnComplete" v="don&amp;apos;t generate code" />
      <event name="OnError" v="don&amp;apos;t generate code" />
    </Events>
  </Bean>
  <Bean name="InputPullUps" type="Init_GPIO">
    <Enabled v="Y" />
    <Properties>
      <Component_name v="InputPullUps" />
      <Device v="PTC" />
      <group name="Pins">
        <boolgroup name="Pin 0" v="Enabled">
          <Pin v="ADC0_SE14/TSI0_CH13/PTC0/EXTRG_IN/CMP0_OUT" />
          <Pin_signal v="DataIn1" />
          <Pin_output v="Disabled" />
          <Output_value v="No initialization" />
          <Pull_enable v="Enabled" />
          <Pull_select v="Pull Up" />
          <Slew_rate v="No initialization" />
          <Drive_strength v="No initialization" />
          <Passive_filter_enable v="No initialization" />
        </boolgroup>
        <boolgroup name="Pin 1" v="Disabled" />
        <boolgroup name="Pin 2" v="Disabled" />
        <boolgroup name="Pin 3" v="Enabled">
          <Pin v="PTC3/LLWU_P7/UART1_RX/TPM0_CH2/CLKOUTa" />
          <Pin_signal v="DataIn2" />
          <Pin_output v="Disabled" />
          <Output_value v="No initialization" />
          <Pull_enable v="Enabled" />
          <Pull_select v="Pull Up" />
          <Slew_rate v="No initialization" />
          <Drive_strength v="No initialization" />
          <Passive_filter_enable v="No initialization" />
        </boolgroup>
        <boolgroup name="Pin 4" v="Enabled">
          <Pin v="PTC4/LLWU_P8/SPI0_PCS0/UART1_TX/TPM0_CH3" />
          <Pin_signal v="DataIn3" />
          <Pin_output v="Disabled" />
          <Output_value v="No initialization" />
          <Pull_enable v="Enabled" />
          <Pull_select v="Pull Up" />
          <Slew_rate v="No initialization" />
          <Drive_strength v="No initialization" />
          <Passive_filter_enable v="No initialization" />
        </boolgroup>
        <boolgroup name="Pin 5" v="Enabled">
          <Pin v="PTC5/LLWU_P9/SPI0_SCK/LPTMR0_ALT2/CMP0_OUT" />
          <Pin_signal v="DataIn4" />
          <Pin_output v="Disabled" />
          <Output_value v="No initialization" />
          <Pull_enable v="Enabled" />
          <Pull_select v="Pull Up" />
          <Slew_rate v="No initialization" />
          <Drive_strength v="No initialization" />
          <Passive_filter_enable v="No initialization" />
        </boolgroup>
        <boolgroup name="Pin 6" v="Enabled">
          <Pin v="CMP0_IN0/PTC6/LLWU_P10/SPI0_MOSI/EXTRG_IN/SPI0_MISO" />
          <Pin_signal v="DataIn5" />
          <Pin_output v="Disabled" />
          <Output_value v="No initialization" />
          <Pull_enable v="Enabled" />
          <Pull_select v="Pull Up" />
          <Slew_rate v="No initialization" />
          <Drive_strength v="No initialization" />
          <Passive_filter_enable v="No initialization" />
        </boolgroup>
        <boolgroup name="Pin 7" v="Enabled">
          <Pin v="CMP0_IN1/PTC7/SPI0_MISO/SPI0_MOSI" />
          <Pin_signal v="DataIn0" />
          <Pin_output v="Disabled" />
          <Output_value v="No initialization" />
          <Pull_enable v="Enabled" />
          <Pull_select v="Pull Up" />
          <Slew_rate v="No initialization" />
          <Drive_strength v="No initialization" />
          <Passive_filter_enable v="No initialization" />
        </boolgroup>
        <boolgroup name="Pin 8" v="Disabled" />
        <boolgroup name="Pin 9" v="Disabled" />
        <boolgroup name="Pin 10" v="Enabled">
          <Pin v="PTC10/I2C1_SCL" />
          <Pin_signal v="DataIn6" />
          <Pin_output v="Disabled" />
          <Output_value v="No initialization" />
          <Pull_enable v="Enabled" />
          <Pull_select v="Pull Up" />
          <Slew_rate v="No initialization" />
          <Drive_strength v="No initialization" />
          <Passive_filter_enable v="No initialization" />
        </boolgroup>
        <boolgroup name="Pin 11" v="Enabled">
          <Pin v="PTC11/I2C1_SDA" />
          <Pin_signal v="DataIn7" />
          <Pin_output v="Disabled" />
          <Output_value v="No initialization" />
          <Pull_enable v="Enabled" />
          <Pull_select v="Pull Up" />
          <Slew_rate v="No initialization" />
          <Drive_strength v="No initialization" />
          <Passive_filter_enable v="No initialization" />
        </boolgroup>
        <boolgroup name="Pin 12" v="Disabled" />
        <boolgroup name="Pin 13" v="Disabled" />
        <boolgroup name="Pin 16" v="Disabled" />
        <boolgroup name="Pin 17" v="Disabled" />
      </group>
      <group name="Interrupts">
        <boolgroup name="Port interrupt" v="Disabled" />
      </group>
      <group name="Initialization">
        <Call_Init_method v="yes" />
      </group>
    </Properties>
    <Methods>
      <Init v="generate code" />
    </Methods>
    <Events>
      <EmptySection_DummyValue />
    </Events>
  </Bean>
  <Bean name="SampleIO" type="GPIO_LDD">
    <Enabled v="Y" />
    <Properties>
      <Component_name v="SampleIO" />
      <Port v="PTC" />
      <Port_width v="32 bits" />
      <Mask_of_allocated_pins v="7417" />
      <boolgroup name="Interrupt service/event" v="Disabled" />
      <list name="Bit fields" v="5">
        <group name="Bit field">
          <Field_name v="DataIn00" />
          <list name="Pins" v="1">
            <group name="Pin">
              <Pin v="CMP0_IN1/PTC7/SPI0_MISO/SPI0_MOSI" />
              <Pin_signal v="PTC7" />
              <boolgroup name="Initial pin direction" v="Input" />
              <Initial_pin_event v="Disabled" />
            </group>
          </list>
        </group>
        <group name="Bit field">
          <Field_name v="DataIn11" />
          <list name="Pins" v="1">
            <group name="Pin">
              <Pin v="ADC0_SE14/TSI0_CH13/PTC0/EXTRG_IN/CMP0_OUT" />
              <Pin_signal v="PTC0" />
              <boolgroup name="Initial pin direction" v="Input" />
              <Initial_pin_event v="Disabled" />
            </group>
          </list>
        </group>
        <group name="Bit field">
          <Field_name v="DataIn25" />
          <list name="Pins" v="4">
            <group name="Pin">
              <Pin v="PTC3/LLWU_P7/UART1_RX/TPM0_CH2/CLKOUTa" />
              <Pin_signal v="PTC3" />
              <boolgroup name="Initial pin direction" v="Input" />
              <Initial_pin_event v="Disabled" />
            </group>
            <group name="Pin">
              <Pin v="PTC4/LLWU_P8/SPI0_PCS0/UART1_TX/TPM0_CH3" />
              <Pin_signal v="PTC4" />
              <boolgroup name="Initial pin direction" v="Input" />
              <Initial_pin_event v="Disabled" />
            </group>
            <group name="Pin">
              <Pin v="PTC5/LLWU_P9/SPI0_SCK/LPTMR0_ALT2/CMP0_OUT" />
              <Pin_signal v="PTC5" />
              <boolgroup name="Initial pin direction" v="Input" />
              <Initial_pin_event v="Disabled" />
            </group>
            <group name="Pin">
              <Pin v="CMP0_IN0/PTC6/LLWU_P10/SPI0_MOSI/EXTRG_IN/SPI0_MISO" />
              <Pin_signal v="PTC6" />
              <boolgroup name="Initial pin direction" v="Input" />
              <Initial_pin_event v="Disabled" />
            </group>
          </list>
        </group>
        <group name="Bit field">
          <Field_name v="DataIn67" />
          <list name="Pins" v="2">
            <group name="Pin">
              <Pin v="PTC10/I2C1_SCL" />
              <Pin_signal v="PTC10" />
              <boolgroup name="Initial pin direction" v="Input" />
              <Initial_pin_event v="Disabled" />
            </group>
            <group name="Pin">
              <Pin v="PTC11/I2C1_SDA" />
              <Pin_signal v="TPC11" />
              <boolgroup name="Initial pin direction" v="Input" />
              <Initial_pin_event v="Disabled" />
            </group>
          </list>
        </group>
        <group name="Bit field">
          <Field_name v="DataOut00" />
          <list name="Pins" v="1">
            <group name="Pin">
              <Pin v="PTC12/TPM_CLKIN0" />
              <Pin_signal v="PTC12" />
              <boolgroup name="Initial pin direction" v="Output">
                <Initial_output_state v="0" />
              </boolgroup>
              <Initial_pin_event v="Disabled" />
            </group>
          </list>
        </group>
      </list>
      <group name="Initialization">
        <list name="Auto Initialization" v="1">
          <Auto_initialization v="yes" />
        </list>
        <group name="Event mask">
          <OnPortEvent v="Disabled" />
        </group>
      </group>
    </Properties>
    <Methods>
      <Init v="generate code" />
      <Deinit v="don&amp;apos;t generate code" />
      <SetEventMask v="don&amp;apos;t generate code" />
      <GetEventMask v="don&amp;apos;t generate code" />
      <SetPortEventCondition v="don&amp;apos;t generate code" />
      <GetPortEventStatus v="don&amp;apos;t generate code" />
      <SetPortValue v="don&amp;apos;t generate code" />
      <GetPortValue v="don&amp;apos;t generate code" />
      <ClearPortBits v="don&amp;apos;t generate code" />
      <SetPortBits v="don&amp;apos;t generate code" />
      <TogglePortBits v="don&amp;apos;t generate code" />
      <SetPortInputDirection v="don&amp;apos;t generate code" />
      <SetPortOutputDirection v="don&amp;apos;t generate code" />
      <SetFieldValue v="generate code" />
      <GetFieldValue v="generate code" />
      <ClearFieldBits v="don&amp;apos;t generate code" />
      <SetFieldBits v="don&amp;apos;t generate code" />
      <ToggleFieldBits v="don&amp;apos;t generate code" />
      <SetFieldInputDirection v="don&amp;apos;t generate code" />
      <SetFieldOutputDirection v="don&amp;apos;t generate code" />
      <SetOperationMode v="don&amp;apos;t generate code" />
      <GetDriverState v="don&amp;apos;t generate code" />
      <ConnectPin v="don&amp;apos;t generate code" />
    </Methods>
    <Events>
      <Event_module_name v="Events" />
      <event name="OnPortEvent" v="don&amp;apos;t generate code" />
    </Events>
  </Bean>
</PE_PROJECT_SETTINGS_DOCUMENTATION>

